fields/key,fields/name,fields/tag/type,rows/Date_ID,rows/Date_Key,rows/Full_Date,rows/Day,rows/Month,rows/Year,rows/Quarter,rows/Week_of_Year,rows/Day_Name,rows/Month_Name,rows/Is_Weekend
0,Date_ID,int,1,20200101,2020-01-01,1,1,2020,1,1,Wednesday,January,No
1,Date_Key,int,2,20200102,2020-01-02,2,1,2020,1,1,Thursday,January,No
2,Full_Date,string,3,20200103,2020-01-03,3,1,2020,1,1,Friday,January,No
3,Day,int,4,20200104,2020-01-04,4,1,2020,1,1,Saturday,January,Yes
4,Month,int,5,20200105,2020-01-05,5,1,2020,1,1,Sunday,January,Yes
5,Year,int,6,20200106,2020-01-06,6,1,2020,1,2,Monday,January,No
6,Quarter,int,7,20200107,2020-01-07,7,1,2020,1,2,Tuesday,January,No
7,Week_of_Year,int,8,20200108,2020-01-08,8,1,2020,1,2,Wednesday,January,No
8,Day_Name,string,9,20200109,2020-01-09,9,1,2020,1,2,Thursday,January,No
9,Month_Name,string,10,20200110,2020-01-10,10,1,2020,1,2,Friday,January,No
10,Is_Weekend,string,11,20200111,2020-01-11,11,1,2020,1,2,Saturday,January,Yes
,,,12,20200112,2020-01-12,12,1,2020,1,2,Sunday,January,Yes
,,,13,20200113,2020-01-13,13,1,2020,1,3,Monday,January,No
,,,14,20200114,2020-01-14,14,1,2020,1,3,Tuesday,January,No
,,,15,20200115,2020-01-15,15,1,2020,1,3,Wednesday,January,No
,,,16,20200116,2020-01-16,16,1,2020,1,3,Thursday,January,No
,,,17,20200117,2020-01-17,17,1,2020,1,3,Friday,January,No
,,,18,20200118,2020-01-18,18,1,2020,1,3,Saturday,January,Yes
,,,19,20200119,2020-01-19,19,1,2020,1,3,Sunday,January,Yes
,,,20,20200120,2020-01-20,20,1,2020,1,4,Monday,January,No
,,,21,20200121,2020-01-21,21,1,2020,1,4,Tuesday,January,No
,,,22,20200122,2020-01-22,22,1,2020,1,4,Wednesday,January,No
,,,23,20200123,2020-01-23,23,1,2020,1,4,Thursday,January,No
,,,24,20200124,2020-01-24,24,1,2020,1,4,Friday,January,No
,,,25,20200125,2020-01-25,25,1,2020,1,4,Saturday,January,Yes
,,,26,20200126,2020-01-26,26,1,2020,1,4,Sunday,January,Yes
,,,27,20200127,2020-01-27,27,1,2020,1,5,Monday,January,No
,,,28,20200128,2020-01-28,28,1,2020,1,5,Tuesday,January,No
,,,29,20200129,2020-01-29,29,1,2020,1,5,Wednesday,January,No
,,,30,20200130,2020-01-30,30,1,2020,1,5,Thursday,January,No
,,,31,20200131,2020-01-31,31,1,2020,1,5,Friday,January,No
,,,32,20200201,2020-02-01,1,2,2020,1,5,Saturday,February,Yes
,,,33,20200202,2020-02-02,2,2,2020,1,5,Sunday,February,Yes
,,,34,20200203,2020-02-03,3,2,2020,1,6,Monday,February,No
,,,35,20200204,2020-02-04,4,2,2020,1,6,Tuesday,February,No
,,,36,20200205,2020-02-05,5,2,2020,1,6,Wednesday,February,No
,,,37,20200206,2020-02-06,6,2,2020,1,6,Thursday,February,No
,,,38,20200207,2020-02-07,7,2,2020,1,6,Friday,February,No
,,,39,20200208,2020-02-08,8,2,2020,1,6,Saturday,February,Yes
,,,40,20200209,2020-02-09,9,2,2020,1,6,Sunday,February,Yes
,,,41,20200210,2020-02-10,10,2,2020,1,7,Monday,February,No
,,,42,20200211,2020-02-11,11,2,2020,1,7,Tuesday,February,No
,,,43,20200212,2020-02-12,12,2,2020,1,7,Wednesday,February,No
,,,44,20200213,2020-02-13,13,2,2020,1,7,Thursday,February,No
,,,45,20200214,2020-02-14,14,2,2020,1,7,Friday,February,No
,,,46,20200215,2020-02-15,15,2,2020,1,7,Saturday,February,Yes
,,,47,20200216,2020-02-16,16,2,2020,1,7,Sunday,February,Yes
,,,48,20200217,2020-02-17,17,2,2020,1,8,Monday,February,No
,,,49,20200218,2020-02-18,18,2,2020,1,8,Tuesday,February,No
,,,50,20200219,2020-02-19,19,2,2020,1,8,Wednesday,February,No
,,,51,20200220,2020-02-20,20,2,2020,1,8,Thursday,February,No
,,,52,20200221,2020-02-21,21,2,2020,1,8,Friday,February,No
,,,53,20200222,2020-02-22,22,2,2020,1,8,Saturday,February,Yes
,,,54,20200223,2020-02-23,23,2,2020,1,8,Sunday,February,Yes
,,,55,20200224,2020-02-24,24,2,2020,1,9,Monday,February,No
,,,56,20200225,2020-02-25,25,2,2020,1,9,Tuesday,February,No
,,,57,20200226,2020-02-26,26,2,2020,1,9,Wednesday,February,No
,,,58,20200227,2020-02-27,27,2,2020,1,9,Thursday,February,No
,,,59,20200228,2020-02-28,28,2,2020,1,9,Friday,February,No
,,,60,20200229,2020-02-29,29,2,2020,1,9,Saturday,February,Yes
,,,61,20200301,2020-03-01,1,3,2020,1,9,Sunday,March,Yes
,,,62,20200302,2020-03-02,2,3,2020,1,10,Monday,March,No
,,,63,20200303,2020-03-03,3,3,2020,1,10,Tuesday,March,No
,,,64,20200304,2020-03-04,4,3,2020,1,10,Wednesday,March,No
,,,65,20200305,2020-03-05,5,3,2020,1,10,Thursday,March,No
,,,66,20200306,2020-03-06,6,3,2020,1,10,Friday,March,No
,,,67,20200307,2020-03-07,7,3,2020,1,10,Saturday,March,Yes
,,,68,20200308,2020-03-08,8,3,2020,1,10,Sunday,March,Yes
,,,69,20200309,2020-03-09,9,3,2020,1,11,Monday,March,No
,,,70,20200310,2020-03-10,10,3,2020,1,11,Tuesday,March,No
,,,71,20200311,2020-03-11,11,3,2020,1,11,Wednesday,March,No
,,,72,20200312,2020-03-12,12,3,2020,1,11,Thursday,March,No
,,,73,20200313,2020-03-13,13,3,2020,1,11,Friday,March,No
,,,74,20200314,2020-03-14,14,3,2020,1,11,Saturday,March,Yes
,,,75,20200315,2020-03-15,15,3,2020,1,11,Sunday,March,Yes
,,,76,20200316,2020-03-16,16,3,2020,1,12,Monday,March,No
,,,77,20200317,2020-03-17,17,3,2020,1,12,Tuesday,March,No
,,,78,20200318,2020-03-18,18,3,2020,1,12,Wednesday,March,No
,,,79,20200319,2020-03-19,19,3,2020,1,12,Thursday,March,No
,,,80,20200320,2020-03-20,20,3,2020,1,12,Friday,March,No
,,,81,20200321,2020-03-21,21,3,2020,1,12,Saturday,March,Yes
,,,82,20200322,2020-03-22,22,3,2020,1,12,Sunday,March,Yes
,,,83,20200323,2020-03-23,23,3,2020,1,13,Monday,March,No
,,,84,20200324,2020-03-24,24,3,2020,1,13,Tuesday,March,No
,,,85,20200325,2020-03-25,25,3,2020,1,13,Wednesday,March,No
,,,86,20200326,2020-03-26,26,3,2020,1,13,Thursday,March,No
,,,87,20200327,2020-03-27,27,3,2020,1,13,Friday,March,No
,,,88,20200328,2020-03-28,28,3,2020,1,13,Saturday,March,Yes
,,,89,20200329,2020-03-29,29,3,2020,1,13,Sunday,March,Yes
,,,90,20200330,2020-03-30,30,3,2020,1,14,Monday,March,No
,,,91,20200331,2020-03-31,31,3,2020,1,14,Tuesday,March,No
,,,92,20200401,2020-04-01,1,4,2020,2,14,Wednesday,April,No
,,,93,20200402,2020-04-02,2,4,2020,2,14,Thursday,April,No
,,,94,20200403,2020-04-03,3,4,2020,2,14,Friday,April,No
,,,95,20200404,2020-04-04,4,4,2020,2,14,Saturday,April,Yes
,,,96,20200405,2020-04-05,5,4,2020,2,14,Sunday,April,Yes
,,,97,20200406,2020-04-06,6,4,2020,2,15,Monday,April,No
,,,98,20200407,2020-04-07,7,4,2020,2,15,Tuesday,April,No
,,,99,20200408,2020-04-08,8,4,2020,2,15,Wednesday,April,No
,,,100,20200409,2020-04-09,9,4,2020,2,15,Thursday,April,No
,,,101,20200410,2020-04-10,10,4,2020,2,15,Friday,April,No
,,,102,20200411,2020-04-11,11,4,2020,2,15,Saturday,April,Yes
,,,103,20200412,2020-04-12,12,4,2020,2,15,Sunday,April,Yes
,,,104,20200413,2020-04-13,13,4,2020,2,16,Monday,April,No
,,,105,20200414,2020-04-14,14,4,2020,2,16,Tuesday,April,No
,,,106,20200415,2020-04-15,15,4,2020,2,16,Wednesday,April,No
,,,107,20200416,2020-04-16,16,4,2020,2,16,Thursday,April,No
,,,108,20200417,2020-04-17,17,4,2020,2,16,Friday,April,No
,,,109,20200418,2020-04-18,18,4,2020,2,16,Saturday,April,Yes
,,,110,20200419,2020-04-19,19,4,2020,2,16,Sunday,April,Yes
,,,111,20200420,2020-04-20,20,4,2020,2,17,Monday,April,No
,,,112,20200421,2020-04-21,21,4,2020,2,17,Tuesday,April,No
,,,113,20200422,2020-04-22,22,4,2020,2,17,Wednesday,April,No
,,,114,20200423,2020-04-23,23,4,2020,2,17,Thursday,April,No
,,,115,20200424,2020-04-24,24,4,2020,2,17,Friday,April,No
,,,116,20200425,2020-04-25,25,4,2020,2,17,Saturday,April,Yes
,,,117,20200426,2020-04-26,26,4,2020,2,17,Sunday,April,Yes
,,,118,20200427,2020-04-27,27,4,2020,2,18,Monday,April,No
,,,119,20200428,2020-04-28,28,4,2020,2,18,Tuesday,April,No
,,,120,20200429,2020-04-29,29,4,2020,2,18,Wednesday,April,No
,,,121,20200430,2020-04-30,30,4,2020,2,18,Thursday,April,No
,,,122,20200501,2020-05-01,1,5,2020,2,18,Friday,May,No
,,,123,20200502,2020-05-02,2,5,2020,2,18,Saturday,May,Yes
,,,124,20200503,2020-05-03,3,5,2020,2,18,Sunday,May,Yes
,,,125,20200504,2020-05-04,4,5,2020,2,19,Monday,May,No
,,,126,20200505,2020-05-05,5,5,2020,2,19,Tuesday,May,No
,,,127,20200506,2020-05-06,6,5,2020,2,19,Wednesday,May,No
,,,128,20200507,2020-05-07,7,5,2020,2,19,Thursday,May,No
,,,129,20200508,2020-05-08,8,5,2020,2,19,Friday,May,No
,,,130,20200509,2020-05-09,9,5,2020,2,19,Saturday,May,Yes
,,,131,20200510,2020-05-10,10,5,2020,2,19,Sunday,May,Yes
,,,132,20200511,2020-05-11,11,5,2020,2,20,Monday,May,No
,,,133,20200512,2020-05-12,12,5,2020,2,20,Tuesday,May,No
,,,134,20200513,2020-05-13,13,5,2020,2,20,Wednesday,May,No
,,,135,20200514,2020-05-14,14,5,2020,2,20,Thursday,May,No
,,,136,20200515,2020-05-15,15,5,2020,2,20,Friday,May,No
,,,137,20200516,2020-05-16,16,5,2020,2,20,Saturday,May,Yes
,,,138,20200517,2020-05-17,17,5,2020,2,20,Sunday,May,Yes
,,,139,20200518,2020-05-18,18,5,2020,2,21,Monday,May,No
,,,140,20200519,2020-05-19,19,5,2020,2,21,Tuesday,May,No
,,,141,20200520,2020-05-20,20,5,2020,2,21,Wednesday,May,No
,,,142,20200521,2020-05-21,21,5,2020,2,21,Thursday,May,No
,,,143,20200522,2020-05-22,22,5,2020,2,21,Friday,May,No
,,,144,20200523,2020-05-23,23,5,2020,2,21,Saturday,May,Yes
,,,145,20200524,2020-05-24,24,5,2020,2,21,Sunday,May,Yes
,,,146,20200525,2020-05-25,25,5,2020,2,22,Monday,May,No
,,,147,20200526,2020-05-26,26,5,2020,2,22,Tuesday,May,No
,,,148,20200527,2020-05-27,27,5,2020,2,22,Wednesday,May,No
,,,149,20200528,2020-05-28,28,5,2020,2,22,Thursday,May,No
,,,150,20200529,2020-05-29,29,5,2020,2,22,Friday,May,No
,,,151,20200530,2020-05-30,30,5,2020,2,22,Saturday,May,Yes
,,,152,20200531,2020-05-31,31,5,2020,2,22,Sunday,May,Yes
,,,153,20200601,2020-06-01,1,6,2020,2,23,Monday,June,No
,,,154,20200602,2020-06-02,2,6,2020,2,23,Tuesday,June,No
,,,155,20200603,2020-06-03,3,6,2020,2,23,Wednesday,June,No
,,,156,20200604,2020-06-04,4,6,2020,2,23,Thursday,June,No
,,,157,20200605,2020-06-05,5,6,2020,2,23,Friday,June,No
,,,158,20200606,2020-06-06,6,6,2020,2,23,Saturday,June,Yes
,,,159,20200607,2020-06-07,7,6,2020,2,23,Sunday,June,Yes
,,,160,20200608,2020-06-08,8,6,2020,2,24,Monday,June,No
,,,161,20200609,2020-06-09,9,6,2020,2,24,Tuesday,June,No
,,,162,20200610,2020-06-10,10,6,2020,2,24,Wednesday,June,No
,,,163,20200611,2020-06-11,11,6,2020,2,24,Thursday,June,No
,,,164,20200612,2020-06-12,12,6,2020,2,24,Friday,June,No
,,,165,20200613,2020-06-13,13,6,2020,2,24,Saturday,June,Yes
,,,166,20200614,2020-06-14,14,6,2020,2,24,Sunday,June,Yes
,,,167,20200615,2020-06-15,15,6,2020,2,25,Monday,June,No
,,,168,20200616,2020-06-16,16,6,2020,2,25,Tuesday,June,No
,,,169,20200617,2020-06-17,17,6,2020,2,25,Wednesday,June,No
,,,170,20200618,2020-06-18,18,6,2020,2,25,Thursday,June,No
,,,171,20200619,2020-06-19,19,6,2020,2,25,Friday,June,No
,,,172,20200620,2020-06-20,20,6,2020,2,25,Saturday,June,Yes
,,,173,20200621,2020-06-21,21,6,2020,2,25,Sunday,June,Yes
,,,174,20200622,2020-06-22,22,6,2020,2,26,Monday,June,No
,,,175,20200623,2020-06-23,23,6,2020,2,26,Tuesday,June,No
,,,176,20200624,2020-06-24,24,6,2020,2,26,Wednesday,June,No
,,,177,20200625,2020-06-25,25,6,2020,2,26,Thursday,June,No
,,,178,20200626,2020-06-26,26,6,2020,2,26,Friday,June,No
,,,179,20200627,2020-06-27,27,6,2020,2,26,Saturday,June,Yes
,,,180,20200628,2020-06-28,28,6,2020,2,26,Sunday,June,Yes
,,,181,20200629,2020-06-29,29,6,2020,2,27,Monday,June,No
,,,182,20200630,2020-06-30,30,6,2020,2,27,Tuesday,June,No
,,,183,20200701,2020-07-01,1,7,2020,3,27,Wednesday,July,No
,,,184,20200702,2020-07-02,2,7,2020,3,27,Thursday,July,No
,,,185,20200703,2020-07-03,3,7,2020,3,27,Friday,July,No
,,,186,20200704,2020-07-04,4,7,2020,3,27,Saturday,July,Yes
,,,187,20200705,2020-07-05,5,7,2020,3,27,Sunday,July,Yes
,,,188,20200706,2020-07-06,6,7,2020,3,28,Monday,July,No
,,,189,20200707,2020-07-07,7,7,2020,3,28,Tuesday,July,No
,,,190,20200708,2020-07-08,8,7,2020,3,28,Wednesday,July,No
,,,191,20200709,2020-07-09,9,7,2020,3,28,Thursday,July,No
,,,192,20200710,2020-07-10,10,7,2020,3,28,Friday,July,No
,,,193,20200711,2020-07-11,11,7,2020,3,28,Saturday,July,Yes
,,,194,20200712,2020-07-12,12,7,2020,3,28,Sunday,July,Yes
,,,195,20200713,2020-07-13,13,7,2020,3,29,Monday,July,No
,,,196,20200714,2020-07-14,14,7,2020,3,29,Tuesday,July,No
,,,197,20200715,2020-07-15,15,7,2020,3,29,Wednesday,July,No
,,,198,20200716,2020-07-16,16,7,2020,3,29,Thursday,July,No
,,,199,20200717,2020-07-17,17,7,2020,3,29,Friday,July,No
,,,200,20200718,2020-07-18,18,7,2020,3,29,Saturday,July,Yes
,,,201,20200719,2020-07-19,19,7,2020,3,29,Sunday,July,Yes
,,,202,20200720,2020-07-20,20,7,2020,3,30,Monday,July,No
,,,203,20200721,2020-07-21,21,7,2020,3,30,Tuesday,July,No
,,,204,20200722,2020-07-22,22,7,2020,3,30,Wednesday,July,No
,,,205,20200723,2020-07-23,23,7,2020,3,30,Thursday,July,No
,,,206,20200724,2020-07-24,24,7,2020,3,30,Friday,July,No
,,,207,20200725,2020-07-25,25,7,2020,3,30,Saturday,July,Yes
,,,208,20200726,2020-07-26,26,7,2020,3,30,Sunday,July,Yes
,,,209,20200727,2020-07-27,27,7,2020,3,31,Monday,July,No
,,,210,20200728,2020-07-28,28,7,2020,3,31,Tuesday,July,No
,,,211,20200729,2020-07-29,29,7,2020,3,31,Wednesday,July,No
,,,212,20200730,2020-07-30,30,7,2020,3,31,Thursday,July,No
,,,213,20200731,2020-07-31,31,7,2020,3,31,Friday,July,No
,,,214,20200801,2020-08-01,1,8,2020,3,31,Saturday,August,Yes
,,,215,20200802,2020-08-02,2,8,2020,3,31,Sunday,August,Yes
,,,216,20200803,2020-08-03,3,8,2020,3,32,Monday,August,No
,,,217,20200804,2020-08-04,4,8,2020,3,32,Tuesday,August,No
,,,218,20200805,2020-08-05,5,8,2020,3,32,Wednesday,August,No
,,,219,20200806,2020-08-06,6,8,2020,3,32,Thursday,August,No
,,,220,20200807,2020-08-07,7,8,2020,3,32,Friday,August,No
,,,221,20200808,2020-08-08,8,8,2020,3,32,Saturday,August,Yes
,,,222,20200809,2020-08-09,9,8,2020,3,32,Sunday,August,Yes
,,,223,20200810,2020-08-10,10,8,2020,3,33,Monday,August,No
,,,224,20200811,2020-08-11,11,8,2020,3,33,Tuesday,August,No
,,,225,20200812,2020-08-12,12,8,2020,3,33,Wednesday,August,No
,,,226,20200813,2020-08-13,13,8,2020,3,33,Thursday,August,No
,,,227,20200814,2020-08-14,14,8,2020,3,33,Friday,August,No
,,,228,20200815,2020-08-15,15,8,2020,3,33,Saturday,August,Yes
,,,229,20200816,2020-08-16,16,8,2020,3,33,Sunday,August,Yes
,,,230,20200817,2020-08-17,17,8,2020,3,34,Monday,August,No
,,,231,20200818,2020-08-18,18,8,2020,3,34,Tuesday,August,No
,,,232,20200819,2020-08-19,19,8,2020,3,34,Wednesday,August,No
,,,233,20200820,2020-08-20,20,8,2020,3,34,Thursday,August,No
,,,234,20200821,2020-08-21,21,8,2020,3,34,Friday,August,No
,,,235,20200822,2020-08-22,22,8,2020,3,34,Saturday,August,Yes
,,,236,20200823,2020-08-23,23,8,2020,3,34,Sunday,August,Yes
,,,237,20200824,2020-08-24,24,8,2020,3,35,Monday,August,No
,,,238,20200825,2020-08-25,25,8,2020,3,35,Tuesday,August,No
,,,239,20200826,2020-08-26,26,8,2020,3,35,Wednesday,August,No
,,,240,20200827,2020-08-27,27,8,2020,3,35,Thursday,August,No
,,,241,20200828,2020-08-28,28,8,2020,3,35,Friday,August,No
,,,242,20200829,2020-08-29,29,8,2020,3,35,Saturday,August,Yes
,,,243,20200830,2020-08-30,30,8,2020,3,35,Sunday,August,Yes
,,,244,20200831,2020-08-31,31,8,2020,3,36,Monday,August,No
,,,245,20200901,2020-09-01,1,9,2020,3,36,Tuesday,September,No
,,,246,20200902,2020-09-02,2,9,2020,3,36,Wednesday,September,No
,,,247,20200903,2020-09-03,3,9,2020,3,36,Thursday,September,No
,,,248,20200904,2020-09-04,4,9,2020,3,36,Friday,September,No
,,,249,20200905,2020-09-05,5,9,2020,3,36,Saturday,September,Yes
,,,250,20200906,2020-09-06,6,9,2020,3,36,Sunday,September,Yes
,,,251,20200907,2020-09-07,7,9,2020,3,37,Monday,September,No
,,,252,20200908,2020-09-08,8,9,2020,3,37,Tuesday,September,No
,,,253,20200909,2020-09-09,9,9,2020,3,37,Wednesday,September,No
,,,254,20200910,2020-09-10,10,9,2020,3,37,Thursday,September,No
,,,255,20200911,2020-09-11,11,9,2020,3,37,Friday,September,No
,,,256,20200912,2020-09-12,12,9,2020,3,37,Saturday,September,Yes
,,,257,20200913,2020-09-13,13,9,2020,3,37,Sunday,September,Yes
,,,258,20200914,2020-09-14,14,9,2020,3,38,Monday,September,No
,,,259,20200915,2020-09-15,15,9,2020,3,38,Tuesday,September,No
,,,260,20200916,2020-09-16,16,9,2020,3,38,Wednesday,September,No
,,,261,20200917,2020-09-17,17,9,2020,3,38,Thursday,September,No
,,,262,20200918,2020-09-18,18,9,2020,3,38,Friday,September,No
,,,263,20200919,2020-09-19,19,9,2020,3,38,Saturday,September,Yes
,,,264,20200920,2020-09-20,20,9,2020,3,38,Sunday,September,Yes
,,,265,20200921,2020-09-21,21,9,2020,3,39,Monday,September,No
,,,266,20200922,2020-09-22,22,9,2020,3,39,Tuesday,September,No
,,,267,20200923,2020-09-23,23,9,2020,3,39,Wednesday,September,No
,,,268,20200924,2020-09-24,24,9,2020,3,39,Thursday,September,No
,,,269,20200925,2020-09-25,25,9,2020,3,39,Friday,September,No
,,,270,20200926,2020-09-26,26,9,2020,3,39,Saturday,September,Yes
,,,271,20200927,2020-09-27,27,9,2020,3,39,Sunday,September,Yes
,,,272,20200928,2020-09-28,28,9,2020,3,40,Monday,September,No
,,,273,20200929,2020-09-29,29,9,2020,3,40,Tuesday,September,No
,,,274,20200930,2020-09-30,30,9,2020,3,40,Wednesday,September,No
,,,275,20201001,2020-10-01,1,10,2020,4,40,Thursday,October,No
,,,276,20201002,2020-10-02,2,10,2020,4,40,Friday,October,No
,,,277,20201003,2020-10-03,3,10,2020,4,40,Saturday,October,Yes
,,,278,20201004,2020-10-04,4,10,2020,4,40,Sunday,October,Yes
,,,279,20201005,2020-10-05,5,10,2020,4,41,Monday,October,No
,,,280,20201006,2020-10-06,6,10,2020,4,41,Tuesday,October,No
,,,281,20201007,2020-10-07,7,10,2020,4,41,Wednesday,October,No
,,,282,20201008,2020-10-08,8,10,2020,4,41,Thursday,October,No
,,,283,20201009,2020-10-09,9,10,2020,4,41,Friday,October,No
,,,284,20201010,2020-10-10,10,10,2020,4,41,Saturday,October,Yes
,,,285,20201011,2020-10-11,11,10,2020,4,41,Sunday,October,Yes
,,,286,20201012,2020-10-12,12,10,2020,4,42,Monday,October,No
,,,287,20201013,2020-10-13,13,10,2020,4,42,Tuesday,October,No
,,,288,20201014,2020-10-14,14,10,2020,4,42,Wednesday,October,No
,,,289,20201015,2020-10-15,15,10,2020,4,42,Thursday,October,No
,,,290,20201016,2020-10-16,16,10,2020,4,42,Friday,October,No
,,,291,20201017,2020-10-17,17,10,2020,4,42,Saturday,October,Yes
,,,292,20201018,2020-10-18,18,10,2020,4,42,Sunday,October,Yes
,,,293,20201019,2020-10-19,19,10,2020,4,43,Monday,October,No
,,,294,20201020,2020-10-20,20,10,2020,4,43,Tuesday,October,No
,,,295,20201021,2020-10-21,21,10,2020,4,43,Wednesday,October,No
,,,296,20201022,2020-10-22,22,10,2020,4,43,Thursday,October,No
,,,297,20201023,2020-10-23,23,10,2020,4,43,Friday,October,No
,,,298,20201024,2020-10-24,24,10,2020,4,43,Saturday,October,Yes
,,,299,20201025,2020-10-25,25,10,2020,4,43,Sunday,October,Yes
,,,300,20201026,2020-10-26,26,10,2020,4,44,Monday,October,No
,,,301,20201027,2020-10-27,27,10,2020,4,44,Tuesday,October,No
,,,302,20201028,2020-10-28,28,10,2020,4,44,Wednesday,October,No
,,,303,20201029,2020-10-29,29,10,2020,4,44,Thursday,October,No
,,,304,20201030,2020-10-30,30,10,2020,4,44,Friday,October,No
,,,305,20201031,2020-10-31,31,10,2020,4,44,Saturday,October,Yes
,,,306,20201101,2020-11-01,1,11,2020,4,44,Sunday,November,Yes
,,,307,20201102,2020-11-02,2,11,2020,4,45,Monday,November,No
,,,308,20201103,2020-11-03,3,11,2020,4,45,Tuesday,November,No
,,,309,20201104,2020-11-04,4,11,2020,4,45,Wednesday,November,No
,,,310,20201105,2020-11-05,5,11,2020,4,45,Thursday,November,No
,,,311,20201106,2020-11-06,6,11,2020,4,45,Friday,November,No
,,,312,20201107,2020-11-07,7,11,2020,4,45,Saturday,November,Yes
,,,313,20201108,2020-11-08,8,11,2020,4,45,Sunday,November,Yes
,,,314,20201109,2020-11-09,9,11,2020,4,46,Monday,November,No
,,,315,20201110,2020-11-10,10,11,2020,4,46,Tuesday,November,No
,,,316,20201111,2020-11-11,11,11,2020,4,46,Wednesday,November,No
,,,317,20201112,2020-11-12,12,11,2020,4,46,Thursday,November,No
,,,318,20201113,2020-11-13,13,11,2020,4,46,Friday,November,No
,,,319,20201114,2020-11-14,14,11,2020,4,46,Saturday,November,Yes
,,,320,20201115,2020-11-15,15,11,2020,4,46,Sunday,November,Yes
,,,321,20201116,2020-11-16,16,11,2020,4,47,Monday,November,No
,,,322,20201117,2020-11-17,17,11,2020,4,47,Tuesday,November,No
,,,323,20201118,2020-11-18,18,11,2020,4,47,Wednesday,November,No
,,,324,20201119,2020-11-19,19,11,2020,4,47,Thursday,November,No
,,,325,20201120,2020-11-20,20,11,2020,4,47,Friday,November,No
,,,326,20201121,2020-11-21,21,11,2020,4,47,Saturday,November,Yes
,,,327,20201122,2020-11-22,22,11,2020,4,47,Sunday,November,Yes
,,,328,20201123,2020-11-23,23,11,2020,4,48,Monday,November,No
,,,329,20201124,2020-11-24,24,11,2020,4,48,Tuesday,November,No
,,,330,20201125,2020-11-25,25,11,2020,4,48,Wednesday,November,No
,,,331,20201126,2020-11-26,26,11,2020,4,48,Thursday,November,No
,,,332,20201127,2020-11-27,27,11,2020,4,48,Friday,November,No
,,,333,20201128,2020-11-28,28,11,2020,4,48,Saturday,November,Yes
,,,334,20201129,2020-11-29,29,11,2020,4,48,Sunday,November,Yes
,,,335,20201130,2020-11-30,30,11,2020,4,49,Monday,November,No
,,,336,20201201,2020-12-01,1,12,2020,4,49,Tuesday,December,No
,,,337,20201202,2020-12-02,2,12,2020,4,49,Wednesday,December,No
,,,338,20201203,2020-12-03,3,12,2020,4,49,Thursday,December,No
,,,339,20201204,2020-12-04,4,12,2020,4,49,Friday,December,No
,,,340,20201205,2020-12-05,5,12,2020,4,49,Saturday,December,Yes
,,,341,20201206,2020-12-06,6,12,2020,4,49,Sunday,December,Yes
,,,342,20201207,2020-12-07,7,12,2020,4,50,Monday,December,No
,,,343,20201208,2020-12-08,8,12,2020,4,50,Tuesday,December,No
,,,344,20201209,2020-12-09,9,12,2020,4,50,Wednesday,December,No
,,,345,20201210,2020-12-10,10,12,2020,4,50,Thursday,December,No
,,,346,20201211,2020-12-11,11,12,2020,4,50,Friday,December,No
,,,347,20201212,2020-12-12,12,12,2020,4,50,Saturday,December,Yes
,,,348,20201213,2020-12-13,13,12,2020,4,50,Sunday,December,Yes
,,,349,20201214,2020-12-14,14,12,2020,4,51,Monday,December,No
,,,350,20201215,2020-12-15,15,12,2020,4,51,Tuesday,December,No
,,,351,20201216,2020-12-16,16,12,2020,4,51,Wednesday,December,No
,,,352,20201217,2020-12-17,17,12,2020,4,51,Thursday,December,No
,,,353,20201218,2020-12-18,18,12,2020,4,51,Friday,December,No
,,,354,20201219,2020-12-19,19,12,2020,4,51,Saturday,December,Yes
,,,355,20201220,2020-12-20,20,12,2020,4,51,Sunday,December,Yes
,,,356,20201221,2020-12-21,21,12,2020,4,52,Monday,December,No
,,,357,20201222,2020-12-22,22,12,2020,4,52,Tuesday,December,No
,,,358,20201223,2020-12-23,23,12,2020,4,52,Wednesday,December,No
,,,359,20201224,2020-12-24,24,12,2020,4,52,Thursday,December,No
,,,360,20201225,2020-12-25,25,12,2020,4,52,Friday,December,No
,,,361,20201226,2020-12-26,26,12,2020,4,52,Saturday,December,Yes
,,,362,20201227,2020-12-27,27,12,2020,4,52,Sunday,December,Yes
,,,363,20201228,2020-12-28,28,12,2020,4,53,Monday,December,No
,,,364,20201229,2020-12-29,29,12,2020,4,53,Tuesday,December,No
,,,365,20201230,2020-12-30,30,12,2020,4,53,Wednesday,December,No
,,,366,20201231,2020-12-31,31,12,2020,4,53,Thursday,December,No
,,,367,20210101,2021-01-01,1,1,2021,1,53,Friday,January,No
,,,368,20210102,2021-01-02,2,1,2021,1,53,Saturday,January,Yes
,,,369,20210103,2021-01-03,3,1,2021,1,53,Sunday,January,Yes
,,,370,20210104,2021-01-04,4,1,2021,1,1,Monday,January,No
,,,371,20210105,2021-01-05,5,1,2021,1,1,Tuesday,January,No
,,,372,20210106,2021-01-06,6,1,2021,1,1,Wednesday,January,No
,,,373,20210107,2021-01-07,7,1,2021,1,1,Thursday,January,No
,,,374,20210108,2021-01-08,8,1,2021,1,1,Friday,January,No
,,,375,20210109,2021-01-09,9,1,2021,1,1,Saturday,January,Yes
,,,376,20210110,2021-01-10,10,1,2021,1,1,Sunday,January,Yes
,,,377,20210111,2021-01-11,11,1,2021,1,2,Monday,January,No
,,,378,20210112,2021-01-12,12,1,2021,1,2,Tuesday,January,No
,,,379,20210113,2021-01-13,13,1,2021,1,2,Wednesday,January,No
,,,380,20210114,2021-01-14,14,1,2021,1,2,Thursday,January,No
,,,381,20210115,2021-01-15,15,1,2021,1,2,Friday,January,No
,,,382,20210116,2021-01-16,16,1,2021,1,2,Saturday,January,Yes
,,,383,20210117,2021-01-17,17,1,2021,1,2,Sunday,January,Yes
,,,384,20210118,2021-01-18,18,1,2021,1,3,Monday,January,No
,,,385,20210119,2021-01-19,19,1,2021,1,3,Tuesday,January,No
,,,386,20210120,2021-01-20,20,1,2021,1,3,Wednesday,January,No
,,,387,20210121,2021-01-21,21,1,2021,1,3,Thursday,January,No
,,,388,20210122,2021-01-22,22,1,2021,1,3,Friday,January,No
,,,389,20210123,2021-01-23,23,1,2021,1,3,Saturday,January,Yes
,,,390,20210124,2021-01-24,24,1,2021,1,3,Sunday,January,Yes
,,,391,20210125,2021-01-25,25,1,2021,1,4,Monday,January,No
,,,392,20210126,2021-01-26,26,1,2021,1,4,Tuesday,January,No
,,,393,20210127,2021-01-27,27,1,2021,1,4,Wednesday,January,No
,,,394,20210128,2021-01-28,28,1,2021,1,4,Thursday,January,No
,,,395,20210129,2021-01-29,29,1,2021,1,4,Friday,January,No
,,,396,20210130,2021-01-30,30,1,2021,1,4,Saturday,January,Yes
,,,397,20210131,2021-01-31,31,1,2021,1,4,Sunday,January,Yes
,,,398,20210201,2021-02-01,1,2,2021,1,5,Monday,February,No
,,,399,20210202,2021-02-02,2,2,2021,1,5,Tuesday,February,No
,,,400,20210203,2021-02-03,3,2,2021,1,5,Wednesday,February,No
,,,401,20210204,2021-02-04,4,2,2021,1,5,Thursday,February,No
,,,402,20210205,2021-02-05,5,2,2021,1,5,Friday,February,No
,,,403,20210206,2021-02-06,6,2,2021,1,5,Saturday,February,Yes
,,,404,20210207,2021-02-07,7,2,2021,1,5,Sunday,February,Yes
,,,405,20210208,2021-02-08,8,2,2021,1,6,Monday,February,No
,,,406,20210209,2021-02-09,9,2,2021,1,6,Tuesday,February,No
,,,407,20210210,2021-02-10,10,2,2021,1,6,Wednesday,February,No
,,,408,20210211,2021-02-11,11,2,2021,1,6,Thursday,February,No
,,,409,20210212,2021-02-12,12,2,2021,1,6,Friday,February,No
,,,410,20210213,2021-02-13,13,2,2021,1,6,Saturday,February,Yes
,,,411,20210214,2021-02-14,14,2,2021,1,6,Sunday,February,Yes
,,,412,20210215,2021-02-15,15,2,2021,1,7,Monday,February,No
,,,413,20210216,2021-02-16,16,2,2021,1,7,Tuesday,February,No
,,,414,20210217,2021-02-17,17,2,2021,1,7,Wednesday,February,No
,,,415,20210218,2021-02-18,18,2,2021,1,7,Thursday,February,No
,,,416,20210219,2021-02-19,19,2,2021,1,7,Friday,February,No
,,,417,20210220,2021-02-20,20,2,2021,1,7,Saturday,February,Yes
,,,418,20210221,2021-02-21,21,2,2021,1,7,Sunday,February,Yes
,,,419,20210222,2021-02-22,22,2,2021,1,8,Monday,February,No
,,,420,20210223,2021-02-23,23,2,2021,1,8,Tuesday,February,No
,,,421,20210224,2021-02-24,24,2,2021,1,8,Wednesday,February,No
,,,422,20210225,2021-02-25,25,2,2021,1,8,Thursday,February,No
,,,423,20210226,2021-02-26,26,2,2021,1,8,Friday,February,No
,,,424,20210227,2021-02-27,27,2,2021,1,8,Saturday,February,Yes
,,,425,20210228,2021-02-28,28,2,2021,1,8,Sunday,February,Yes
,,,426,20210301,2021-03-01,1,3,2021,1,9,Monday,March,No
,,,427,20210302,2021-03-02,2,3,2021,1,9,Tuesday,March,No
,,,428,20210303,2021-03-03,3,3,2021,1,9,Wednesday,March,No
,,,429,20210304,2021-03-04,4,3,2021,1,9,Thursday,March,No
,,,430,20210305,2021-03-05,5,3,2021,1,9,Friday,March,No
,,,431,20210306,2021-03-06,6,3,2021,1,9,Saturday,March,Yes
,,,432,20210307,2021-03-07,7,3,2021,1,9,Sunday,March,Yes
,,,433,20210308,2021-03-08,8,3,2021,1,10,Monday,March,No
,,,434,20210309,2021-03-09,9,3,2021,1,10,Tuesday,March,No
,,,435,20210310,2021-03-10,10,3,2021,1,10,Wednesday,March,No
,,,436,20210311,2021-03-11,11,3,2021,1,10,Thursday,March,No
,,,437,20210312,2021-03-12,12,3,2021,1,10,Friday,March,No
,,,438,20210313,2021-03-13,13,3,2021,1,10,Saturday,March,Yes
,,,439,20210314,2021-03-14,14,3,2021,1,10,Sunday,March,Yes
,,,440,20210315,2021-03-15,15,3,2021,1,11,Monday,March,No
,,,441,20210316,2021-03-16,16,3,2021,1,11,Tuesday,March,No
,,,442,20210317,2021-03-17,17,3,2021,1,11,Wednesday,March,No
,,,443,20210318,2021-03-18,18,3,2021,1,11,Thursday,March,No
,,,444,20210319,2021-03-19,19,3,2021,1,11,Friday,March,No
,,,445,20210320,2021-03-20,20,3,2021,1,11,Saturday,March,Yes
,,,446,20210321,2021-03-21,21,3,2021,1,11,Sunday,March,Yes
,,,447,20210322,2021-03-22,22,3,2021,1,12,Monday,March,No
,,,448,20210323,2021-03-23,23,3,2021,1,12,Tuesday,March,No
,,,449,20210324,2021-03-24,24,3,2021,1,12,Wednesday,March,No
,,,450,20210325,2021-03-25,25,3,2021,1,12,Thursday,March,No
,,,451,20210326,2021-03-26,26,3,2021,1,12,Friday,March,No
,,,452,20210327,2021-03-27,27,3,2021,1,12,Saturday,March,Yes
,,,453,20210328,2021-03-28,28,3,2021,1,12,Sunday,March,Yes
,,,454,20210329,2021-03-29,29,3,2021,1,13,Monday,March,No
,,,455,20210330,2021-03-30,30,3,2021,1,13,Tuesday,March,No
,,,456,20210331,2021-03-31,31,3,2021,1,13,Wednesday,March,No
,,,457,20210401,2021-04-01,1,4,2021,2,13,Thursday,April,No
,,,458,20210402,2021-04-02,2,4,2021,2,13,Friday,April,No
,,,459,20210403,2021-04-03,3,4,2021,2,13,Saturday,April,Yes
,,,460,20210404,2021-04-04,4,4,2021,2,13,Sunday,April,Yes
,,,461,20210405,2021-04-05,5,4,2021,2,14,Monday,April,No
,,,462,20210406,2021-04-06,6,4,2021,2,14,Tuesday,April,No
,,,463,20210407,2021-04-07,7,4,2021,2,14,Wednesday,April,No
,,,464,20210408,2021-04-08,8,4,2021,2,14,Thursday,April,No
,,,465,20210409,2021-04-09,9,4,2021,2,14,Friday,April,No
,,,466,20210410,2021-04-10,10,4,2021,2,14,Saturday,April,Yes
,,,467,20210411,2021-04-11,11,4,2021,2,14,Sunday,April,Yes
,,,468,20210412,2021-04-12,12,4,2021,2,15,Monday,April,No
,,,469,20210413,2021-04-13,13,4,2021,2,15,Tuesday,April,No
,,,470,20210414,2021-04-14,14,4,2021,2,15,Wednesday,April,No
,,,471,20210415,2021-04-15,15,4,2021,2,15,Thursday,April,No
,,,472,20210416,2021-04-16,16,4,2021,2,15,Friday,April,No
,,,473,20210417,2021-04-17,17,4,2021,2,15,Saturday,April,Yes
,,,474,20210418,2021-04-18,18,4,2021,2,15,Sunday,April,Yes
,,,475,20210419,2021-04-19,19,4,2021,2,16,Monday,April,No
,,,476,20210420,2021-04-20,20,4,2021,2,16,Tuesday,April,No
,,,477,20210421,2021-04-21,21,4,2021,2,16,Wednesday,April,No
,,,478,20210422,2021-04-22,22,4,2021,2,16,Thursday,April,No
,,,479,20210423,2021-04-23,23,4,2021,2,16,Friday,April,No
,,,480,20210424,2021-04-24,24,4,2021,2,16,Saturday,April,Yes
,,,481,20210425,2021-04-25,25,4,2021,2,16,Sunday,April,Yes
,,,482,20210426,2021-04-26,26,4,2021,2,17,Monday,April,No
,,,483,20210427,2021-04-27,27,4,2021,2,17,Tuesday,April,No
,,,484,20210428,2021-04-28,28,4,2021,2,17,Wednesday,April,No
,,,485,20210429,2021-04-29,29,4,2021,2,17,Thursday,April,No
,,,486,20210430,2021-04-30,30,4,2021,2,17,Friday,April,No
,,,487,20210501,2021-05-01,1,5,2021,2,17,Saturday,May,Yes
,,,488,20210502,2021-05-02,2,5,2021,2,17,Sunday,May,Yes
,,,489,20210503,2021-05-03,3,5,2021,2,18,Monday,May,No
,,,490,20210504,2021-05-04,4,5,2021,2,18,Tuesday,May,No
,,,491,20210505,2021-05-05,5,5,2021,2,18,Wednesday,May,No
,,,492,20210506,2021-05-06,6,5,2021,2,18,Thursday,May,No
,,,493,20210507,2021-05-07,7,5,2021,2,18,Friday,May,No
,,,494,20210508,2021-05-08,8,5,2021,2,18,Saturday,May,Yes
,,,495,20210509,2021-05-09,9,5,2021,2,18,Sunday,May,Yes
,,,496,20210510,2021-05-10,10,5,2021,2,19,Monday,May,No
,,,497,20210511,2021-05-11,11,5,2021,2,19,Tuesday,May,No
,,,498,20210512,2021-05-12,12,5,2021,2,19,Wednesday,May,No
,,,499,20210513,2021-05-13,13,5,2021,2,19,Thursday,May,No
,,,500,20210514,2021-05-14,14,5,2021,2,19,Friday,May,No
,,,501,20210515,2021-05-15,15,5,2021,2,19,Saturday,May,Yes
,,,502,20210516,2021-05-16,16,5,2021,2,19,Sunday,May,Yes
,,,503,20210517,2021-05-17,17,5,2021,2,20,Monday,May,No
,,,504,20210518,2021-05-18,18,5,2021,2,20,Tuesday,May,No
,,,505,20210519,2021-05-19,19,5,2021,2,20,Wednesday,May,No
,,,506,20210520,2021-05-20,20,5,2021,2,20,Thursday,May,No
,,,507,20210521,2021-05-21,21,5,2021,2,20,Friday,May,No
,,,508,20210522,2021-05-22,22,5,2021,2,20,Saturday,May,Yes
,,,509,20210523,2021-05-23,23,5,2021,2,20,Sunday,May,Yes
,,,510,20210524,2021-05-24,24,5,2021,2,21,Monday,May,No
,,,511,20210525,2021-05-25,25,5,2021,2,21,Tuesday,May,No
,,,512,20210526,2021-05-26,26,5,2021,2,21,Wednesday,May,No
,,,513,20210527,2021-05-27,27,5,2021,2,21,Thursday,May,No
,,,514,20210528,2021-05-28,28,5,2021,2,21,Friday,May,No
,,,515,20210529,2021-05-29,29,5,2021,2,21,Saturday,May,Yes
,,,516,20210530,2021-05-30,30,5,2021,2,21,Sunday,May,Yes
,,,517,20210531,2021-05-31,31,5,2021,2,22,Monday,May,No
,,,518,20210601,2021-06-01,1,6,2021,2,22,Tuesday,June,No
,,,519,20210602,2021-06-02,2,6,2021,2,22,Wednesday,June,No
,,,520,20210603,2021-06-03,3,6,2021,2,22,Thursday,June,No
,,,521,20210604,2021-06-04,4,6,2021,2,22,Friday,June,No
,,,522,20210605,2021-06-05,5,6,2021,2,22,Saturday,June,Yes
,,,523,20210606,2021-06-06,6,6,2021,2,22,Sunday,June,Yes
,,,524,20210607,2021-06-07,7,6,2021,2,23,Monday,June,No
,,,525,20210608,2021-06-08,8,6,2021,2,23,Tuesday,June,No
,,,526,20210609,2021-06-09,9,6,2021,2,23,Wednesday,June,No
,,,527,20210610,2021-06-10,10,6,2021,2,23,Thursday,June,No
,,,528,20210611,2021-06-11,11,6,2021,2,23,Friday,June,No
,,,529,20210612,2021-06-12,12,6,2021,2,23,Saturday,June,Yes
,,,530,20210613,2021-06-13,13,6,2021,2,23,Sunday,June,Yes
,,,531,20210614,2021-06-14,14,6,2021,2,24,Monday,June,No
,,,532,20210615,2021-06-15,15,6,2021,2,24,Tuesday,June,No
,,,533,20210616,2021-06-16,16,6,2021,2,24,Wednesday,June,No
,,,534,20210617,2021-06-17,17,6,2021,2,24,Thursday,June,No
,,,535,20210618,2021-06-18,18,6,2021,2,24,Friday,June,No
,,,536,20210619,2021-06-19,19,6,2021,2,24,Saturday,June,Yes
,,,537,20210620,2021-06-20,20,6,2021,2,24,Sunday,June,Yes
,,,538,20210621,2021-06-21,21,6,2021,2,25,Monday,June,No
,,,539,20210622,2021-06-22,22,6,2021,2,25,Tuesday,June,No
,,,540,20210623,2021-06-23,23,6,2021,2,25,Wednesday,June,No
,,,541,20210624,2021-06-24,24,6,2021,2,25,Thursday,June,No
,,,542,20210625,2021-06-25,25,6,2021,2,25,Friday,June,No
,,,543,20210626,2021-06-26,26,6,2021,2,25,Saturday,June,Yes
,,,544,20210627,2021-06-27,27,6,2021,2,25,Sunday,June,Yes
,,,545,20210628,2021-06-28,28,6,2021,2,26,Monday,June,No
,,,546,20210629,2021-06-29,29,6,2021,2,26,Tuesday,June,No
,,,547,20210630,2021-06-30,30,6,2021,2,26,Wednesday,June,No
,,,548,20210701,2021-07-01,1,7,2021,3,26,Thursday,July,No
,,,549,20210702,2021-07-02,2,7,2021,3,26,Friday,July,No
,,,550,20210703,2021-07-03,3,7,2021,3,26,Saturday,July,Yes
,,,551,20210704,2021-07-04,4,7,2021,3,26,Sunday,July,Yes
,,,552,20210705,2021-07-05,5,7,2021,3,27,Monday,July,No
,,,553,20210706,2021-07-06,6,7,2021,3,27,Tuesday,July,No
,,,554,20210707,2021-07-07,7,7,2021,3,27,Wednesday,July,No
,,,555,20210708,2021-07-08,8,7,2021,3,27,Thursday,July,No
,,,556,20210709,2021-07-09,9,7,2021,3,27,Friday,July,No
,,,557,20210710,2021-07-10,10,7,2021,3,27,Saturday,July,Yes
,,,558,20210711,2021-07-11,11,7,2021,3,27,Sunday,July,Yes
,,,559,20210712,2021-07-12,12,7,2021,3,28,Monday,July,No
,,,560,20210713,2021-07-13,13,7,2021,3,28,Tuesday,July,No
,,,561,20210714,2021-07-14,14,7,2021,3,28,Wednesday,July,No
,,,562,20210715,2021-07-15,15,7,2021,3,28,Thursday,July,No
,,,563,20210716,2021-07-16,16,7,2021,3,28,Friday,July,No
,,,564,20210717,2021-07-17,17,7,2021,3,28,Saturday,July,Yes
,,,565,20210718,2021-07-18,18,7,2021,3,28,Sunday,July,Yes
,,,566,20210719,2021-07-19,19,7,2021,3,29,Monday,July,No
,,,567,20210720,2021-07-20,20,7,2021,3,29,Tuesday,July,No
,,,568,20210721,2021-07-21,21,7,2021,3,29,Wednesday,July,No
,,,569,20210722,2021-07-22,22,7,2021,3,29,Thursday,July,No
,,,570,20210723,2021-07-23,23,7,2021,3,29,Friday,July,No
,,,571,20210724,2021-07-24,24,7,2021,3,29,Saturday,July,Yes
,,,572,20210725,2021-07-25,25,7,2021,3,29,Sunday,July,Yes
,,,573,20210726,2021-07-26,26,7,2021,3,30,Monday,July,No
,,,574,20210727,2021-07-27,27,7,2021,3,30,Tuesday,July,No
,,,575,20210728,2021-07-28,28,7,2021,3,30,Wednesday,July,No
,,,576,20210729,2021-07-29,29,7,2021,3,30,Thursday,July,No
,,,577,20210730,2021-07-30,30,7,2021,3,30,Friday,July,No
,,,578,20210731,2021-07-31,31,7,2021,3,30,Saturday,July,Yes
,,,579,20210801,2021-08-01,1,8,2021,3,30,Sunday,August,Yes
,,,580,20210802,2021-08-02,2,8,2021,3,31,Monday,August,No
,,,581,20210803,2021-08-03,3,8,2021,3,31,Tuesday,August,No
,,,582,20210804,2021-08-04,4,8,2021,3,31,Wednesday,August,No
,,,583,20210805,2021-08-05,5,8,2021,3,31,Thursday,August,No
,,,584,20210806,2021-08-06,6,8,2021,3,31,Friday,August,No
,,,585,20210807,2021-08-07,7,8,2021,3,31,Saturday,August,Yes
,,,586,20210808,2021-08-08,8,8,2021,3,31,Sunday,August,Yes
,,,587,20210809,2021-08-09,9,8,2021,3,32,Monday,August,No
,,,588,20210810,2021-08-10,10,8,2021,3,32,Tuesday,August,No
,,,589,20210811,2021-08-11,11,8,2021,3,32,Wednesday,August,No
,,,590,20210812,2021-08-12,12,8,2021,3,32,Thursday,August,No
,,,591,20210813,2021-08-13,13,8,2021,3,32,Friday,August,No
,,,592,20210814,2021-08-14,14,8,2021,3,32,Saturday,August,Yes
,,,593,20210815,2021-08-15,15,8,2021,3,32,Sunday,August,Yes
,,,594,20210816,2021-08-16,16,8,2021,3,33,Monday,August,No
,,,595,20210817,2021-08-17,17,8,2021,3,33,Tuesday,August,No
,,,596,20210818,2021-08-18,18,8,2021,3,33,Wednesday,August,No
,,,597,20210819,2021-08-19,19,8,2021,3,33,Thursday,August,No
,,,598,20210820,2021-08-20,20,8,2021,3,33,Friday,August,No
,,,599,20210821,2021-08-21,21,8,2021,3,33,Saturday,August,Yes
,,,600,20210822,2021-08-22,22,8,2021,3,33,Sunday,August,Yes
,,,601,20210823,2021-08-23,23,8,2021,3,34,Monday,August,No
,,,602,20210824,2021-08-24,24,8,2021,3,34,Tuesday,August,No
,,,603,20210825,2021-08-25,25,8,2021,3,34,Wednesday,August,No
,,,604,20210826,2021-08-26,26,8,2021,3,34,Thursday,August,No
,,,605,20210827,2021-08-27,27,8,2021,3,34,Friday,August,No
,,,606,20210828,2021-08-28,28,8,2021,3,34,Saturday,August,Yes
,,,607,20210829,2021-08-29,29,8,2021,3,34,Sunday,August,Yes
,,,608,20210830,2021-08-30,30,8,2021,3,35,Monday,August,No
,,,609,20210831,2021-08-31,31,8,2021,3,35,Tuesday,August,No
,,,610,20210901,2021-09-01,1,9,2021,3,35,Wednesday,September,No
,,,611,20210902,2021-09-02,2,9,2021,3,35,Thursday,September,No
,,,612,20210903,2021-09-03,3,9,2021,3,35,Friday,September,No
,,,613,20210904,2021-09-04,4,9,2021,3,35,Saturday,September,Yes
,,,614,20210905,2021-09-05,5,9,2021,3,35,Sunday,September,Yes
,,,615,20210906,2021-09-06,6,9,2021,3,36,Monday,September,No
,,,616,20210907,2021-09-07,7,9,2021,3,36,Tuesday,September,No
,,,617,20210908,2021-09-08,8,9,2021,3,36,Wednesday,September,No
,,,618,20210909,2021-09-09,9,9,2021,3,36,Thursday,September,No
,,,619,20210910,2021-09-10,10,9,2021,3,36,Friday,September,No
,,,620,20210911,2021-09-11,11,9,2021,3,36,Saturday,September,Yes
,,,621,20210912,2021-09-12,12,9,2021,3,36,Sunday,September,Yes
,,,622,20210913,2021-09-13,13,9,2021,3,37,Monday,September,No
,,,623,20210914,2021-09-14,14,9,2021,3,37,Tuesday,September,No
,,,624,20210915,2021-09-15,15,9,2021,3,37,Wednesday,September,No
,,,625,20210916,2021-09-16,16,9,2021,3,37,Thursday,September,No
,,,626,20210917,2021-09-17,17,9,2021,3,37,Friday,September,No
,,,627,20210918,2021-09-18,18,9,2021,3,37,Saturday,September,Yes
,,,628,20210919,2021-09-19,19,9,2021,3,37,Sunday,September,Yes
,,,629,20210920,2021-09-20,20,9,2021,3,38,Monday,September,No
,,,630,20210921,2021-09-21,21,9,2021,3,38,Tuesday,September,No
,,,631,20210922,2021-09-22,22,9,2021,3,38,Wednesday,September,No
,,,632,20210923,2021-09-23,23,9,2021,3,38,Thursday,September,No
,,,633,20210924,2021-09-24,24,9,2021,3,38,Friday,September,No
,,,634,20210925,2021-09-25,25,9,2021,3,38,Saturday,September,Yes
,,,635,20210926,2021-09-26,26,9,2021,3,38,Sunday,September,Yes
,,,636,20210927,2021-09-27,27,9,2021,3,39,Monday,September,No
,,,637,20210928,2021-09-28,28,9,2021,3,39,Tuesday,September,No
,,,638,20210929,2021-09-29,29,9,2021,3,39,Wednesday,September,No
,,,639,20210930,2021-09-30,30,9,2021,3,39,Thursday,September,No
,,,640,20211001,2021-10-01,1,10,2021,4,39,Friday,October,No
,,,641,20211002,2021-10-02,2,10,2021,4,39,Saturday,October,Yes
,,,642,20211003,2021-10-03,3,10,2021,4,39,Sunday,October,Yes
,,,643,20211004,2021-10-04,4,10,2021,4,40,Monday,October,No
,,,644,20211005,2021-10-05,5,10,2021,4,40,Tuesday,October,No
,,,645,20211006,2021-10-06,6,10,2021,4,40,Wednesday,October,No
,,,646,20211007,2021-10-07,7,10,2021,4,40,Thursday,October,No
,,,647,20211008,2021-10-08,8,10,2021,4,40,Friday,October,No
,,,648,20211009,2021-10-09,9,10,2021,4,40,Saturday,October,Yes
,,,649,20211010,2021-10-10,10,10,2021,4,40,Sunday,October,Yes
,,,650,20211011,2021-10-11,11,10,2021,4,41,Monday,October,No
,,,651,20211012,2021-10-12,12,10,2021,4,41,Tuesday,October,No
,,,652,20211013,2021-10-13,13,10,2021,4,41,Wednesday,October,No
,,,653,20211014,2021-10-14,14,10,2021,4,41,Thursday,October,No
,,,654,20211015,2021-10-15,15,10,2021,4,41,Friday,October,No
,,,655,20211016,2021-10-16,16,10,2021,4,41,Saturday,October,Yes
,,,656,20211017,2021-10-17,17,10,2021,4,41,Sunday,October,Yes
,,,657,20211018,2021-10-18,18,10,2021,4,42,Monday,October,No
,,,658,20211019,2021-10-19,19,10,2021,4,42,Tuesday,October,No
,,,659,20211020,2021-10-20,20,10,2021,4,42,Wednesday,October,No
,,,660,20211021,2021-10-21,21,10,2021,4,42,Thursday,October,No
,,,661,20211022,2021-10-22,22,10,2021,4,42,Friday,October,No
,,,662,20211023,2021-10-23,23,10,2021,4,42,Saturday,October,Yes
,,,663,20211024,2021-10-24,24,10,2021,4,42,Sunday,October,Yes
,,,664,20211025,2021-10-25,25,10,2021,4,43,Monday,October,No
,,,665,20211026,2021-10-26,26,10,2021,4,43,Tuesday,October,No
,,,666,20211027,2021-10-27,27,10,2021,4,43,Wednesday,October,No
,,,667,20211028,2021-10-28,28,10,2021,4,43,Thursday,October,No
,,,668,20211029,2021-10-29,29,10,2021,4,43,Friday,October,No
,,,669,20211030,2021-10-30,30,10,2021,4,43,Saturday,October,Yes
,,,670,20211031,2021-10-31,31,10,2021,4,43,Sunday,October,Yes
,,,671,20211101,2021-11-01,1,11,2021,4,44,Monday,November,No
,,,672,20211102,2021-11-02,2,11,2021,4,44,Tuesday,November,No
,,,673,20211103,2021-11-03,3,11,2021,4,44,Wednesday,November,No
,,,674,20211104,2021-11-04,4,11,2021,4,44,Thursday,November,No
,,,675,20211105,2021-11-05,5,11,2021,4,44,Friday,November,No
,,,676,20211106,2021-11-06,6,11,2021,4,44,Saturday,November,Yes
,,,677,20211107,2021-11-07,7,11,2021,4,44,Sunday,November,Yes
,,,678,20211108,2021-11-08,8,11,2021,4,45,Monday,November,No
,,,679,20211109,2021-11-09,9,11,2021,4,45,Tuesday,November,No
,,,680,20211110,2021-11-10,10,11,2021,4,45,Wednesday,November,No
,,,681,20211111,2021-11-11,11,11,2021,4,45,Thursday,November,No
,,,682,20211112,2021-11-12,12,11,2021,4,45,Friday,November,No
,,,683,20211113,2021-11-13,13,11,2021,4,45,Saturday,November,Yes
,,,684,20211114,2021-11-14,14,11,2021,4,45,Sunday,November,Yes
,,,685,20211115,2021-11-15,15,11,2021,4,46,Monday,November,No
,,,686,20211116,2021-11-16,16,11,2021,4,46,Tuesday,November,No
,,,687,20211117,2021-11-17,17,11,2021,4,46,Wednesday,November,No
,,,688,20211118,2021-11-18,18,11,2021,4,46,Thursday,November,No
,,,689,20211119,2021-11-19,19,11,2021,4,46,Friday,November,No
,,,690,20211120,2021-11-20,20,11,2021,4,46,Saturday,November,Yes
,,,691,20211121,2021-11-21,21,11,2021,4,46,Sunday,November,Yes
,,,692,20211122,2021-11-22,22,11,2021,4,47,Monday,November,No
,,,693,20211123,2021-11-23,23,11,2021,4,47,Tuesday,November,No
,,,694,20211124,2021-11-24,24,11,2021,4,47,Wednesday,November,No
,,,695,20211125,2021-11-25,25,11,2021,4,47,Thursday,November,No
,,,696,20211126,2021-11-26,26,11,2021,4,47,Friday,November,No
,,,697,20211127,2021-11-27,27,11,2021,4,47,Saturday,November,Yes
,,,698,20211128,2021-11-28,28,11,2021,4,47,Sunday,November,Yes
,,,699,20211129,2021-11-29,29,11,2021,4,48,Monday,November,No
,,,700,20211130,2021-11-30,30,11,2021,4,48,Tuesday,November,No
,,,701,20211201,2021-12-01,1,12,2021,4,48,Wednesday,December,No
,,,702,20211202,2021-12-02,2,12,2021,4,48,Thursday,December,No
,,,703,20211203,2021-12-03,3,12,2021,4,48,Friday,December,No
,,,704,20211204,2021-12-04,4,12,2021,4,48,Saturday,December,Yes
,,,705,20211205,2021-12-05,5,12,2021,4,48,Sunday,December,Yes
,,,706,20211206,2021-12-06,6,12,2021,4,49,Monday,December,No
,,,707,20211207,2021-12-07,7,12,2021,4,49,Tuesday,December,No
,,,708,20211208,2021-12-08,8,12,2021,4,49,Wednesday,December,No
,,,709,20211209,2021-12-09,9,12,2021,4,49,Thursday,December,No
,,,710,20211210,2021-12-10,10,12,2021,4,49,Friday,December,No
,,,711,20211211,2021-12-11,11,12,2021,4,49,Saturday,December,Yes
,,,712,20211212,2021-12-12,12,12,2021,4,49,Sunday,December,Yes
,,,713,20211213,2021-12-13,13,12,2021,4,50,Monday,December,No
,,,714,20211214,2021-12-14,14,12,2021,4,50,Tuesday,December,No
,,,715,20211215,2021-12-15,15,12,2021,4,50,Wednesday,December,No
,,,716,20211216,2021-12-16,16,12,2021,4,50,Thursday,December,No
,,,717,20211217,2021-12-17,17,12,2021,4,50,Friday,December,No
,,,718,20211218,2021-12-18,18,12,2021,4,50,Saturday,December,Yes
,,,719,20211219,2021-12-19,19,12,2021,4,50,Sunday,December,Yes
,,,720,20211220,2021-12-20,20,12,2021,4,51,Monday,December,No
,,,721,20211221,2021-12-21,21,12,2021,4,51,Tuesday,December,No
,,,722,20211222,2021-12-22,22,12,2021,4,51,Wednesday,December,No
,,,723,20211223,2021-12-23,23,12,2021,4,51,Thursday,December,No
,,,724,20211224,2021-12-24,24,12,2021,4,51,Friday,December,No
,,,725,20211225,2021-12-25,25,12,2021,4,51,Saturday,December,Yes
,,,726,20211226,2021-12-26,26,12,2021,4,51,Sunday,December,Yes
,,,727,20211227,2021-12-27,27,12,2021,4,52,Monday,December,No
,,,728,20211228,2021-12-28,28,12,2021,4,52,Tuesday,December,No
,,,729,20211229,2021-12-29,29,12,2021,4,52,Wednesday,December,No
,,,730,20211230,2021-12-30,30,12,2021,4,52,Thursday,December,No
,,,731,20211231,2021-12-31,31,12,2021,4,52,Friday,December,No
,,,732,20220101,2022-01-01,1,1,2022,1,52,Saturday,January,Yes
,,,733,20220102,2022-01-02,2,1,2022,1,52,Sunday,January,Yes
,,,734,20220103,2022-01-03,3,1,2022,1,1,Monday,January,No
,,,735,20220104,2022-01-04,4,1,2022,1,1,Tuesday,January,No
,,,736,20220105,2022-01-05,5,1,2022,1,1,Wednesday,January,No
,,,737,20220106,2022-01-06,6,1,2022,1,1,Thursday,January,No
,,,738,20220107,2022-01-07,7,1,2022,1,1,Friday,January,No
,,,739,20220108,2022-01-08,8,1,2022,1,1,Saturday,January,Yes
,,,740,20220109,2022-01-09,9,1,2022,1,1,Sunday,January,Yes
,,,741,20220110,2022-01-10,10,1,2022,1,2,Monday,January,No
,,,742,20220111,2022-01-11,11,1,2022,1,2,Tuesday,January,No
,,,743,20220112,2022-01-12,12,1,2022,1,2,Wednesday,January,No
,,,744,20220113,2022-01-13,13,1,2022,1,2,Thursday,January,No
,,,745,20220114,2022-01-14,14,1,2022,1,2,Friday,January,No
,,,746,20220115,2022-01-15,15,1,2022,1,2,Saturday,January,Yes
,,,747,20220116,2022-01-16,16,1,2022,1,2,Sunday,January,Yes
,,,748,20220117,2022-01-17,17,1,2022,1,3,Monday,January,No
,,,749,20220118,2022-01-18,18,1,2022,1,3,Tuesday,January,No
,,,750,20220119,2022-01-19,19,1,2022,1,3,Wednesday,January,No
,,,751,20220120,2022-01-20,20,1,2022,1,3,Thursday,January,No
,,,752,20220121,2022-01-21,21,1,2022,1,3,Friday,January,No
,,,753,20220122,2022-01-22,22,1,2022,1,3,Saturday,January,Yes
,,,754,20220123,2022-01-23,23,1,2022,1,3,Sunday,January,Yes
,,,755,20220124,2022-01-24,24,1,2022,1,4,Monday,January,No
,,,756,20220125,2022-01-25,25,1,2022,1,4,Tuesday,January,No
,,,757,20220126,2022-01-26,26,1,2022,1,4,Wednesday,January,No
,,,758,20220127,2022-01-27,27,1,2022,1,4,Thursday,January,No
,,,759,20220128,2022-01-28,28,1,2022,1,4,Friday,January,No
,,,760,20220129,2022-01-29,29,1,2022,1,4,Saturday,January,Yes
,,,761,20220130,2022-01-30,30,1,2022,1,4,Sunday,January,Yes
,,,762,20220131,2022-01-31,31,1,2022,1,5,Monday,January,No
,,,763,20220201,2022-02-01,1,2,2022,1,5,Tuesday,February,No
,,,764,20220202,2022-02-02,2,2,2022,1,5,Wednesday,February,No
,,,765,20220203,2022-02-03,3,2,2022,1,5,Thursday,February,No
,,,766,20220204,2022-02-04,4,2,2022,1,5,Friday,February,No
,,,767,20220205,2022-02-05,5,2,2022,1,5,Saturday,February,Yes
,,,768,20220206,2022-02-06,6,2,2022,1,5,Sunday,February,Yes
,,,769,20220207,2022-02-07,7,2,2022,1,6,Monday,February,No
,,,770,20220208,2022-02-08,8,2,2022,1,6,Tuesday,February,No
,,,771,20220209,2022-02-09,9,2,2022,1,6,Wednesday,February,No
,,,772,20220210,2022-02-10,10,2,2022,1,6,Thursday,February,No
,,,773,20220211,2022-02-11,11,2,2022,1,6,Friday,February,No
,,,774,20220212,2022-02-12,12,2,2022,1,6,Saturday,February,Yes
,,,775,20220213,2022-02-13,13,2,2022,1,6,Sunday,February,Yes
,,,776,20220214,2022-02-14,14,2,2022,1,7,Monday,February,No
,,,777,20220215,2022-02-15,15,2,2022,1,7,Tuesday,February,No
,,,778,20220216,2022-02-16,16,2,2022,1,7,Wednesday,February,No
,,,779,20220217,2022-02-17,17,2,2022,1,7,Thursday,February,No
,,,780,20220218,2022-02-18,18,2,2022,1,7,Friday,February,No
,,,781,20220219,2022-02-19,19,2,2022,1,7,Saturday,February,Yes
,,,782,20220220,2022-02-20,20,2,2022,1,7,Sunday,February,Yes
,,,783,20220221,2022-02-21,21,2,2022,1,8,Monday,February,No
,,,784,20220222,2022-02-22,22,2,2022,1,8,Tuesday,February,No
,,,785,20220223,2022-02-23,23,2,2022,1,8,Wednesday,February,No
,,,786,20220224,2022-02-24,24,2,2022,1,8,Thursday,February,No
,,,787,20220225,2022-02-25,25,2,2022,1,8,Friday,February,No
,,,788,20220226,2022-02-26,26,2,2022,1,8,Saturday,February,Yes
,,,789,20220227,2022-02-27,27,2,2022,1,8,Sunday,February,Yes
,,,790,20220228,2022-02-28,28,2,2022,1,9,Monday,February,No
,,,791,20220301,2022-03-01,1,3,2022,1,9,Tuesday,March,No
,,,792,20220302,2022-03-02,2,3,2022,1,9,Wednesday,March,No
,,,793,20220303,2022-03-03,3,3,2022,1,9,Thursday,March,No
,,,794,20220304,2022-03-04,4,3,2022,1,9,Friday,March,No
,,,795,20220305,2022-03-05,5,3,2022,1,9,Saturday,March,Yes
,,,796,20220306,2022-03-06,6,3,2022,1,9,Sunday,March,Yes
,,,797,20220307,2022-03-07,7,3,2022,1,10,Monday,March,No
,,,798,20220308,2022-03-08,8,3,2022,1,10,Tuesday,March,No
,,,799,20220309,2022-03-09,9,3,2022,1,10,Wednesday,March,No
,,,800,20220310,2022-03-10,10,3,2022,1,10,Thursday,March,No
,,,801,20220311,2022-03-11,11,3,2022,1,10,Friday,March,No
,,,802,20220312,2022-03-12,12,3,2022,1,10,Saturday,March,Yes
,,,803,20220313,2022-03-13,13,3,2022,1,10,Sunday,March,Yes
,,,804,20220314,2022-03-14,14,3,2022,1,11,Monday,March,No
,,,805,20220315,2022-03-15,15,3,2022,1,11,Tuesday,March,No
,,,806,20220316,2022-03-16,16,3,2022,1,11,Wednesday,March,No
,,,807,20220317,2022-03-17,17,3,2022,1,11,Thursday,March,No
,,,808,20220318,2022-03-18,18,3,2022,1,11,Friday,March,No
,,,809,20220319,2022-03-19,19,3,2022,1,11,Saturday,March,Yes
,,,810,20220320,2022-03-20,20,3,2022,1,11,Sunday,March,Yes
,,,811,20220321,2022-03-21,21,3,2022,1,12,Monday,March,No
,,,812,20220322,2022-03-22,22,3,2022,1,12,Tuesday,March,No
,,,813,20220323,2022-03-23,23,3,2022,1,12,Wednesday,March,No
,,,814,20220324,2022-03-24,24,3,2022,1,12,Thursday,March,No
,,,815,20220325,2022-03-25,25,3,2022,1,12,Friday,March,No
,,,816,20220326,2022-03-26,26,3,2022,1,12,Saturday,March,Yes
,,,817,20220327,2022-03-27,27,3,2022,1,12,Sunday,March,Yes
,,,818,20220328,2022-03-28,28,3,2022,1,13,Monday,March,No
,,,819,20220329,2022-03-29,29,3,2022,1,13,Tuesday,March,No
,,,820,20220330,2022-03-30,30,3,2022,1,13,Wednesday,March,No
,,,821,20220331,2022-03-31,31,3,2022,1,13,Thursday,March,No
,,,822,20220401,2022-04-01,1,4,2022,2,13,Friday,April,No
,,,823,20220402,2022-04-02,2,4,2022,2,13,Saturday,April,Yes
,,,824,20220403,2022-04-03,3,4,2022,2,13,Sunday,April,Yes
,,,825,20220404,2022-04-04,4,4,2022,2,14,Monday,April,No
,,,826,20220405,2022-04-05,5,4,2022,2,14,Tuesday,April,No
,,,827,20220406,2022-04-06,6,4,2022,2,14,Wednesday,April,No
,,,828,20220407,2022-04-07,7,4,2022,2,14,Thursday,April,No
,,,829,20220408,2022-04-08,8,4,2022,2,14,Friday,April,No
,,,830,20220409,2022-04-09,9,4,2022,2,14,Saturday,April,Yes
,,,831,20220410,2022-04-10,10,4,2022,2,14,Sunday,April,Yes
,,,832,20220411,2022-04-11,11,4,2022,2,15,Monday,April,No
,,,833,20220412,2022-04-12,12,4,2022,2,15,Tuesday,April,No
,,,834,20220413,2022-04-13,13,4,2022,2,15,Wednesday,April,No
,,,835,20220414,2022-04-14,14,4,2022,2,15,Thursday,April,No
,,,836,20220415,2022-04-15,15,4,2022,2,15,Friday,April,No
,,,837,20220416,2022-04-16,16,4,2022,2,15,Saturday,April,Yes
,,,838,20220417,2022-04-17,17,4,2022,2,15,Sunday,April,Yes
,,,839,20220418,2022-04-18,18,4,2022,2,16,Monday,April,No
,,,840,20220419,2022-04-19,19,4,2022,2,16,Tuesday,April,No
,,,841,20220420,2022-04-20,20,4,2022,2,16,Wednesday,April,No
,,,842,20220421,2022-04-21,21,4,2022,2,16,Thursday,April,No
,,,843,20220422,2022-04-22,22,4,2022,2,16,Friday,April,No
,,,844,20220423,2022-04-23,23,4,2022,2,16,Saturday,April,Yes
,,,845,20220424,2022-04-24,24,4,2022,2,16,Sunday,April,Yes
,,,846,20220425,2022-04-25,25,4,2022,2,17,Monday,April,No
,,,847,20220426,2022-04-26,26,4,2022,2,17,Tuesday,April,No
,,,848,20220427,2022-04-27,27,4,2022,2,17,Wednesday,April,No
,,,849,20220428,2022-04-28,28,4,2022,2,17,Thursday,April,No
,,,850,20220429,2022-04-29,29,4,2022,2,17,Friday,April,No
,,,851,20220430,2022-04-30,30,4,2022,2,17,Saturday,April,Yes
,,,852,20220501,2022-05-01,1,5,2022,2,17,Sunday,May,Yes
,,,853,20220502,2022-05-02,2,5,2022,2,18,Monday,May,No
,,,854,20220503,2022-05-03,3,5,2022,2,18,Tuesday,May,No
,,,855,20220504,2022-05-04,4,5,2022,2,18,Wednesday,May,No
,,,856,20220505,2022-05-05,5,5,2022,2,18,Thursday,May,No
,,,857,20220506,2022-05-06,6,5,2022,2,18,Friday,May,No
,,,858,20220507,2022-05-07,7,5,2022,2,18,Saturday,May,Yes
,,,859,20220508,2022-05-08,8,5,2022,2,18,Sunday,May,Yes
,,,860,20220509,2022-05-09,9,5,2022,2,19,Monday,May,No
,,,861,20220510,2022-05-10,10,5,2022,2,19,Tuesday,May,No
,,,862,20220511,2022-05-11,11,5,2022,2,19,Wednesday,May,No
,,,863,20220512,2022-05-12,12,5,2022,2,19,Thursday,May,No
,,,864,20220513,2022-05-13,13,5,2022,2,19,Friday,May,No
,,,865,20220514,2022-05-14,14,5,2022,2,19,Saturday,May,Yes
,,,866,20220515,2022-05-15,15,5,2022,2,19,Sunday,May,Yes
,,,867,20220516,2022-05-16,16,5,2022,2,20,Monday,May,No
,,,868,20220517,2022-05-17,17,5,2022,2,20,Tuesday,May,No
,,,869,20220518,2022-05-18,18,5,2022,2,20,Wednesday,May,No
,,,870,20220519,2022-05-19,19,5,2022,2,20,Thursday,May,No
,,,871,20220520,2022-05-20,20,5,2022,2,20,Friday,May,No
,,,872,20220521,2022-05-21,21,5,2022,2,20,Saturday,May,Yes
,,,873,20220522,2022-05-22,22,5,2022,2,20,Sunday,May,Yes
,,,874,20220523,2022-05-23,23,5,2022,2,21,Monday,May,No
,,,875,20220524,2022-05-24,24,5,2022,2,21,Tuesday,May,No
,,,876,20220525,2022-05-25,25,5,2022,2,21,Wednesday,May,No
,,,877,20220526,2022-05-26,26,5,2022,2,21,Thursday,May,No
,,,878,20220527,2022-05-27,27,5,2022,2,21,Friday,May,No
,,,879,20220528,2022-05-28,28,5,2022,2,21,Saturday,May,Yes
,,,880,20220529,2022-05-29,29,5,2022,2,21,Sunday,May,Yes
,,,881,20220530,2022-05-30,30,5,2022,2,22,Monday,May,No
,,,882,20220531,2022-05-31,31,5,2022,2,22,Tuesday,May,No
,,,883,20220601,2022-06-01,1,6,2022,2,22,Wednesday,June,No
,,,884,20220602,2022-06-02,2,6,2022,2,22,Thursday,June,No
,,,885,20220603,2022-06-03,3,6,2022,2,22,Friday,June,No
,,,886,20220604,2022-06-04,4,6,2022,2,22,Saturday,June,Yes
,,,887,20220605,2022-06-05,5,6,2022,2,22,Sunday,June,Yes
,,,888,20220606,2022-06-06,6,6,2022,2,23,Monday,June,No
,,,889,20220607,2022-06-07,7,6,2022,2,23,Tuesday,June,No
,,,890,20220608,2022-06-08,8,6,2022,2,23,Wednesday,June,No
,,,891,20220609,2022-06-09,9,6,2022,2,23,Thursday,June,No
,,,892,20220610,2022-06-10,10,6,2022,2,23,Friday,June,No
,,,893,20220611,2022-06-11,11,6,2022,2,23,Saturday,June,Yes
,,,894,20220612,2022-06-12,12,6,2022,2,23,Sunday,June,Yes
,,,895,20220613,2022-06-13,13,6,2022,2,24,Monday,June,No
,,,896,20220614,2022-06-14,14,6,2022,2,24,Tuesday,June,No
,,,897,20220615,2022-06-15,15,6,2022,2,24,Wednesday,June,No
,,,898,20220616,2022-06-16,16,6,2022,2,24,Thursday,June,No
,,,899,20220617,2022-06-17,17,6,2022,2,24,Friday,June,No
,,,900,20220618,2022-06-18,18,6,2022,2,24,Saturday,June,Yes
,,,901,20220619,2022-06-19,19,6,2022,2,24,Sunday,June,Yes
,,,902,20220620,2022-06-20,20,6,2022,2,25,Monday,June,No
,,,903,20220621,2022-06-21,21,6,2022,2,25,Tuesday,June,No
,,,904,20220622,2022-06-22,22,6,2022,2,25,Wednesday,June,No
,,,905,20220623,2022-06-23,23,6,2022,2,25,Thursday,June,No
,,,906,20220624,2022-06-24,24,6,2022,2,25,Friday,June,No
,,,907,20220625,2022-06-25,25,6,2022,2,25,Saturday,June,Yes
,,,908,20220626,2022-06-26,26,6,2022,2,25,Sunday,June,Yes
,,,909,20220627,2022-06-27,27,6,2022,2,26,Monday,June,No
,,,910,20220628,2022-06-28,28,6,2022,2,26,Tuesday,June,No
,,,911,20220629,2022-06-29,29,6,2022,2,26,Wednesday,June,No
,,,912,20220630,2022-06-30,30,6,2022,2,26,Thursday,June,No
,,,913,20220701,2022-07-01,1,7,2022,3,26,Friday,July,No
,,,914,20220702,2022-07-02,2,7,2022,3,26,Saturday,July,Yes
,,,915,20220703,2022-07-03,3,7,2022,3,26,Sunday,July,Yes
,,,916,20220704,2022-07-04,4,7,2022,3,27,Monday,July,No
,,,917,20220705,2022-07-05,5,7,2022,3,27,Tuesday,July,No
,,,918,20220706,2022-07-06,6,7,2022,3,27,Wednesday,July,No
,,,919,20220707,2022-07-07,7,7,2022,3,27,Thursday,July,No
,,,920,20220708,2022-07-08,8,7,2022,3,27,Friday,July,No
,,,921,20220709,2022-07-09,9,7,2022,3,27,Saturday,July,Yes
,,,922,20220710,2022-07-10,10,7,2022,3,27,Sunday,July,Yes
,,,923,20220711,2022-07-11,11,7,2022,3,28,Monday,July,No
,,,924,20220712,2022-07-12,12,7,2022,3,28,Tuesday,July,No
,,,925,20220713,2022-07-13,13,7,2022,3,28,Wednesday,July,No
,,,926,20220714,2022-07-14,14,7,2022,3,28,Thursday,July,No
,,,927,20220715,2022-07-15,15,7,2022,3,28,Friday,July,No
,,,928,20220716,2022-07-16,16,7,2022,3,28,Saturday,July,Yes
,,,929,20220717,2022-07-17,17,7,2022,3,28,Sunday,July,Yes
,,,930,20220718,2022-07-18,18,7,2022,3,29,Monday,July,No
,,,931,20220719,2022-07-19,19,7,2022,3,29,Tuesday,July,No
,,,932,20220720,2022-07-20,20,7,2022,3,29,Wednesday,July,No
,,,933,20220721,2022-07-21,21,7,2022,3,29,Thursday,July,No
,,,934,20220722,2022-07-22,22,7,2022,3,29,Friday,July,No
,,,935,20220723,2022-07-23,23,7,2022,3,29,Saturday,July,Yes
,,,936,20220724,2022-07-24,24,7,2022,3,29,Sunday,July,Yes
,,,937,20220725,2022-07-25,25,7,2022,3,30,Monday,July,No
,,,938,20220726,2022-07-26,26,7,2022,3,30,Tuesday,July,No
,,,939,20220727,2022-07-27,27,7,2022,3,30,Wednesday,July,No
,,,940,20220728,2022-07-28,28,7,2022,3,30,Thursday,July,No
,,,941,20220729,2022-07-29,29,7,2022,3,30,Friday,July,No
,,,942,20220730,2022-07-30,30,7,2022,3,30,Saturday,July,Yes
,,,943,20220731,2022-07-31,31,7,2022,3,30,Sunday,July,Yes
,,,944,20220801,2022-08-01,1,8,2022,3,31,Monday,August,No
,,,945,20220802,2022-08-02,2,8,2022,3,31,Tuesday,August,No
,,,946,20220803,2022-08-03,3,8,2022,3,31,Wednesday,August,No
,,,947,20220804,2022-08-04,4,8,2022,3,31,Thursday,August,No
,,,948,20220805,2022-08-05,5,8,2022,3,31,Friday,August,No
,,,949,20220806,2022-08-06,6,8,2022,3,31,Saturday,August,Yes
,,,950,20220807,2022-08-07,7,8,2022,3,31,Sunday,August,Yes
,,,951,20220808,2022-08-08,8,8,2022,3,32,Monday,August,No
,,,952,20220809,2022-08-09,9,8,2022,3,32,Tuesday,August,No
,,,953,20220810,2022-08-10,10,8,2022,3,32,Wednesday,August,No
,,,954,20220811,2022-08-11,11,8,2022,3,32,Thursday,August,No
,,,955,20220812,2022-08-12,12,8,2022,3,32,Friday,August,No
,,,956,20220813,2022-08-13,13,8,2022,3,32,Saturday,August,Yes
,,,957,20220814,2022-08-14,14,8,2022,3,32,Sunday,August,Yes
,,,958,20220815,2022-08-15,15,8,2022,3,33,Monday,August,No
,,,959,20220816,2022-08-16,16,8,2022,3,33,Tuesday,August,No
,,,960,20220817,2022-08-17,17,8,2022,3,33,Wednesday,August,No
,,,961,20220818,2022-08-18,18,8,2022,3,33,Thursday,August,No
,,,962,20220819,2022-08-19,19,8,2022,3,33,Friday,August,No
,,,963,20220820,2022-08-20,20,8,2022,3,33,Saturday,August,Yes
,,,964,20220821,2022-08-21,21,8,2022,3,33,Sunday,August,Yes
,,,965,20220822,2022-08-22,22,8,2022,3,34,Monday,August,No
,,,966,20220823,2022-08-23,23,8,2022,3,34,Tuesday,August,No
,,,967,20220824,2022-08-24,24,8,2022,3,34,Wednesday,August,No
,,,968,20220825,2022-08-25,25,8,2022,3,34,Thursday,August,No
,,,969,20220826,2022-08-26,26,8,2022,3,34,Friday,August,No
,,,970,20220827,2022-08-27,27,8,2022,3,34,Saturday,August,Yes
,,,971,20220828,2022-08-28,28,8,2022,3,34,Sunday,August,Yes
,,,972,20220829,2022-08-29,29,8,2022,3,35,Monday,August,No
,,,973,20220830,2022-08-30,30,8,2022,3,35,Tuesday,August,No
,,,974,20220831,2022-08-31,31,8,2022,3,35,Wednesday,August,No
,,,975,20220901,2022-09-01,1,9,2022,3,35,Thursday,September,No
,,,976,20220902,2022-09-02,2,9,2022,3,35,Friday,September,No
,,,977,20220903,2022-09-03,3,9,2022,3,35,Saturday,September,Yes
,,,978,20220904,2022-09-04,4,9,2022,3,35,Sunday,September,Yes
,,,979,20220905,2022-09-05,5,9,2022,3,36,Monday,September,No
,,,980,20220906,2022-09-06,6,9,2022,3,36,Tuesday,September,No
,,,981,20220907,2022-09-07,7,9,2022,3,36,Wednesday,September,No
,,,982,20220908,2022-09-08,8,9,2022,3,36,Thursday,September,No
,,,983,20220909,2022-09-09,9,9,2022,3,36,Friday,September,No
,,,984,20220910,2022-09-10,10,9,2022,3,36,Saturday,September,Yes
,,,985,20220911,2022-09-11,11,9,2022,3,36,Sunday,September,Yes
,,,986,20220912,2022-09-12,12,9,2022,3,37,Monday,September,No
,,,987,20220913,2022-09-13,13,9,2022,3,37,Tuesday,September,No
,,,988,20220914,2022-09-14,14,9,2022,3,37,Wednesday,September,No
,,,989,20220915,2022-09-15,15,9,2022,3,37,Thursday,September,No
,,,990,20220916,2022-09-16,16,9,2022,3,37,Friday,September,No
,,,991,20220917,2022-09-17,17,9,2022,3,37,Saturday,September,Yes
,,,992,20220918,2022-09-18,18,9,2022,3,37,Sunday,September,Yes
,,,993,20220919,2022-09-19,19,9,2022,3,38,Monday,September,No
,,,994,20220920,2022-09-20,20,9,2022,3,38,Tuesday,September,No
,,,995,20220921,2022-09-21,21,9,2022,3,38,Wednesday,September,No
,,,996,20220922,2022-09-22,22,9,2022,3,38,Thursday,September,No
,,,997,20220923,2022-09-23,23,9,2022,3,38,Friday,September,No
,,,998,20220924,2022-09-24,24,9,2022,3,38,Saturday,September,Yes
,,,999,20220925,2022-09-25,25,9,2022,3,38,Sunday,September,Yes
,,,1000,20220926,2022-09-26,26,9,2022,3,39,Monday,September,No
